"","conc","distance","gel_length","rf","residuals"
"1",0,6.2,8.99,0.310344827586207,0.00684948549175302
"2",0.5,4.81,8.99,0.46496106785317,-0.0550543111537468
"3",1,3.2,8.99,0.6440489432703,0.0503350446849362
"4",1.5,3.1,8.99,0.655172413793104,0.0243164687577785
"5",2,3,8.99,0.666295884315907,0.0130601249415088
"6",3,3,8.99,0.666295884315907,-0.0126041985113841
"7",4,3,8.99,0.666295884315907,-0.0269026143755022
