"","higam","prot_param","sds_page","sec"
"1","His13-HiGam Monomer","22491.54",23607.5069747386,NA
"2","His13-HiGam Dimer","44983.08",47215.0139494772,NA
"3","His7-HiGam Monomer","30626.50",30574.5305781993,"29426.93"
"4","His7-HiGam Dimer","61253.00",61149.0611563987,"58853.86"
