"","protein","vol","mw","logmw"
"1","Ferritin",11.7477477477477,440000,12.9945300058944
"2","IgG",12.996996996997,150000,11.9183905730784
"3","Myoglobin",18.4984984984985,17000,9.74096862303835
"4","Ovalbumin",17.009009009009,43000,10.6689553946757
"5","Thyroglobulin",10.2582582582583,669000,13.4135393391104
"6","Transferrin",15.015015015015,81000,11.3022044336546
"7","Vitamin B12",21.2612612612613,1355,7.2115567333138
